# AlmiVisibility — the 46 fact records, exported for VERIFICATION.
# 🔴 NONE of these has been verified. Every row is UNVERIFIED and the value is NOT a verified fact.
# 🔴 Nothing here was verified by the exporter: verification means reading an official source and
#    judging the claim, which is research. This file is the list of questions, not the answers.
# 'what_would_verify_it' is a judgement about the KIND of authority needed — never a guessed URL.
# exported: 2026-09-12T03:11:48.372Z   records: 46
fact_id,claim,value,entity,scope_jurisdiction,current_source,verificationState,why_it_matters,what_would_verify_it
ie-nmbi.oet-minimum-grade.profession=nursing,ie-nmbi oet-minimum-grade (profession=nursing),"Listening B, Reading B, Speaking B, and Writing C+.",ie-nmbi,destination / ireland / nursing,https://www.nmbi.ie/Registration/Qualified-outside-the-EU/Application-Process/English-Language-Requirements,UNVERIFIED,a candidate who prepares to the wrong threshold fails at the gate,"the regulator's own current registration/English-language requirements page for IE-NMBI, read on the day"
ie-nmbi.oet-version-required.profession=nursing,ie-nmbi oet-version-required (profession=nursing),OET (Nursing),ie-nmbi,destination / ireland / nursing,https://www.nmbi.ie/Registration/Qualified-outside-the-EU/Application-Process/English-Language-Requirements,UNVERIFIED,it is stated to users as fact on a public page,"the regulator's own current registration/English-language requirements page for IE-NMBI, read on the day"
ie-nmbi.recognised-english-speaking-countries,ie-nmbi recognised-english-speaking-countries,"Australia, Canada, New Zealand, the United States of America, the United Kingdom",ie-nmbi,destination / ireland / nursing,https://www.nmbi.ie/Registration/Qualified-outside-the-EU/Application-Process/English-Language-Requirements,UNVERIFIED,it is stated to users as fact on a public page,"the regulator's own current registration/English-language requirements page for IE-NMBI, read on the day"
ng-nmcn.issuing-body,ng-nmcn issuing-body,The Nursing and Midwifery Council of Nigeria issues verification of registration for Nigerian nurses going abroad.,ng-nmcn,origin / nursing,https://nmcn.gov.ng/verify.html,UNVERIFIED,it is stated to users as fact on a public page,"the regulator's own current registration/English-language requirements page for NG-NMCN, read on the day"
ng-nmcn.verification-fee.purpose=certificate-verification,ng-nmcn verification-fee (purpose=certificate-verification),66875,ng-nmcn,origin / nursing,https://nmcn.gov.ng/verify.html,UNVERIFIED,a wrong fee is a wrong budget and a wrong decision about whether to apply,"the regulator's own current registration/English-language requirements page for NG-NMCN, read on the day"
ng-nmcn.verification-fee.purpose=authentication,ng-nmcn verification-fee (purpose=authentication),8750,ng-nmcn,origin / nursing,https://nmcn.gov.ng/verify.html,UNVERIFIED,a wrong fee is a wrong budget and a wrong decision about whether to apply,"the regulator's own current registration/English-language requirements page for NG-NMCN, read on the day"
ng-nmcn.verification-fee.purpose=letter-of-good-standing,ng-nmcn verification-fee (purpose=letter-of-good-standing),8750,ng-nmcn,origin / nursing,https://nmcn.gov.ng/verify.html,UNVERIFIED,a wrong fee is a wrong budget and a wrong decision about whether to apply,"the regulator's own current registration/English-language requirements page for NG-NMCN, read on the day"
ng-nmcn.verification-fee.destination=uk-nmc,ng-nmcn verification-fee (destination=uk-nmc),17500,ng-nmcn,origin / nursing,https://nmcn.gov.ng/verify.html,UNVERIFIED,a wrong fee is a wrong budget and a wrong decision about whether to apply,"the regulator's own current registration/English-language requirements page for NG-NMCN, read on the day"
ng-nmcn.verification-documents,ng-nmcn verification-documents,5,ng-nmcn,origin / nursing,https://nmcn.gov.ng/verify.html,UNVERIFIED,it is stated to users as fact on a public page,"the regulator's own current registration/English-language requirements page for NG-NMCN, read on the day"
nz-immigration-nz.oet-must-be-taken-in-person,nz-immigration-nz oet-must-be-taken-in-person,"For immigration applications, Immigration New Zealand accepts OET only where every part of the test was taken in person at a supervised test centre, from midnight on 12 July 2026 NZST. Computer-based results with a remotely administered speaking component completed before 13 July 2026 remain usable.",nz-immigration-nz,destination / new-zealand,https://www.immigration.govt.nz/about-us/news-centre/update-on-english-language-testing-for-immigration-applications/,UNVERIFIED,it is stated to users as fact on a public page,the government department's own current immigration guidance page
oet.content-licence-permits-stored-quotation,oet content-licence-permits-stored-quotation,false,oet,shared,https://oet.com/en-us/Intellectual-Property-policy,UNVERIFIED,it is stated to users as fact on a public page,OET's own official published score/format documentation
oet.writing-task-type.profession=nursing,oet writing-task-type (profession=nursing),"A 45-minute task in which the candidate writes a formal letter about a matter specific to their own profession, working from a set of case notes. For nursing this is typically a referral, a letter of advice, or a transfer or discharge letter. It is marked against six assessment criteria.",oet,test / nursing,https://oet.com/en-us/learn/writing,UNVERIFIED,it is stated to users as fact on a public page,OET's own official published score/format documentation
oet.speaking-roleplay-setting.profession=nursing,oet speaking-roleplay-setting (profession=nursing),"Approximately 20 minutes, built from two role-plays of about five minutes each, set in scenarios specific to the candidate's own profession. Assessed on linguistic criteria and on clinical communication criteria.",oet,test / nursing,https://oet.com/en-us/learn/speaking,UNVERIFIED,it is stated to users as fact on a public page,OET's own official published score/format documentation
oet.subtests-and-which-are-profession-specific,oet subtests-and-which-are-profession-specific,"Four sub-tests: Listening, Reading, Writing and Speaking. Listening and Reading are common to candidates of every profession; Writing and Speaking are specific to the candidate's own profession.",oet,test,https://oet.com/en-us/test/oet-test,UNVERIFIED,it is stated to users as fact on a public page,OET's own official published score/format documentation
oet.grade-bands-0-500,oet grade-bands-0-500,"Each sub-test is reported separately on a 0-500 scale in ten-point increments, and each numerical score maps to its own letter grade from A (highest) to E (lowest).",oet,test,https://oet.com/en-us/test/results-and-scoring,UNVERIFIED,a candidate who prepares to the wrong threshold fails at the gate,OET's own official published score/format documentation
pk-pnmc.issuing-body,pk-pnmc issuing-body,The Pakistan Nursing & Midwifery Council issues verification of registration and Good Standing certificates.,pk-pnmc,origin / nursing,https://pnmc.gov.pk/verification-registration-2/,UNVERIFIED,it is stated to users as fact on a public page,"the regulator's own current registration/English-language requirements page for PK-PNMC, read on the day"
pk-pnmc.verification-fee.destination=foreign,pk-pnmc verification-fee (destination=foreign),10000,pk-pnmc,origin / nursing,https://pnmc.gov.pk/verification-registration-2/,UNVERIFIED,a wrong fee is a wrong budget and a wrong decision about whether to apply,"the regulator's own current registration/English-language requirements page for PK-PNMC, read on the day"
pk-pnmc.verification-fee.destination=domestic,pk-pnmc verification-fee (destination=domestic),1000,pk-pnmc,origin / nursing,https://pnmc.gov.pk/verification-registration-2/,UNVERIFIED,a wrong fee is a wrong budget and a wrong decision about whether to apply,"the regulator's own current registration/English-language requirements page for PK-PNMC, read on the day"
pk-pnmc.verification-documents,pk-pnmc verification-documents,3,pk-pnmc,origin / nursing,https://pnmc.gov.pk/verification-registration-2/,UNVERIFIED,it is stated to users as fact on a public page,"the regulator's own current registration/English-language requirements page for PK-PNMC, read on the day"
pk-pnmc.verification-response-time,pk-pnmc verification-response-time,3,pk-pnmc,origin / nursing,https://pnmc.gov.pk/verification-registration-2/,UNVERIFIED,it is stated to users as fact on a public page,"the regulator's own current registration/English-language requirements page for PK-PNMC, read on the day"
uk-code-of-practice.recruitment-list-membership.country=nigeria,uk-code-of-practice recruitment-list-membership (country=nigeria),Nigeria is on the RED list: UK health and care employers should not actively recruit from it.,uk-code-of-practice,origin / uk,https://www.gov.uk/government/publications/code-of-practice-for-the-international-recruitment-of-health-and-social-care-personnel/code-of-practice-for-the-international-recruitment-of-health-and-social-care-personnel-in-england,UNVERIFIED,it is stated to users as fact on a public page,"the published code of practice document itself, at its current revision"
uk-code-of-practice.recruitment-list-membership.country=pakistan,uk-code-of-practice recruitment-list-membership (country=pakistan),Pakistan is on the RED list: UK health and care employers should not actively recruit from it.,uk-code-of-practice,origin / uk,https://www.gov.uk/government/publications/code-of-practice-for-the-international-recruitment-of-health-and-social-care-personnel/code-of-practice-for-the-international-recruitment-of-health-and-social-care-personnel-in-england,UNVERIFIED,it is stated to users as fact on a public page,"the published code of practice document itself, at its current revision"
uk-code-of-practice.recruitment-list-membership.country=kenya,uk-code-of-practice recruitment-list-membership (country=kenya),Kenya is on the AMBER list: international recruitment is permitted only in compliance with the government-to-government agreement in place for it.,uk-code-of-practice,origin / uk,https://www.gov.uk/government/publications/code-of-practice-for-the-international-recruitment-of-health-and-social-care-personnel/code-of-practice-for-the-international-recruitment-of-health-and-social-care-personnel-in-england,UNVERIFIED,it is stated to users as fact on a public page,"the published code of practice document itself, at its current revision"
uk-code-of-practice.recruitment-list-membership.country=india,uk-code-of-practice recruitment-list-membership (country=india),"India appears on neither the red nor the amber list, so active recruitment from India is permitted.",uk-code-of-practice,origin / uk,https://www.gov.uk/government/publications/code-of-practice-for-the-international-recruitment-of-health-and-social-care-personnel/code-of-practice-for-the-international-recruitment-of-health-and-social-care-personnel-in-england,UNVERIFIED,it is stated to users as fact on a public page,"the published code of practice document itself, at its current revision"
uk-code-of-practice.recruitment-list-membership.country=philippines,uk-code-of-practice recruitment-list-membership (country=philippines),"The Philippines appears on neither the red nor the amber list, so active recruitment from the Philippines is permitted.",uk-code-of-practice,origin / uk,https://www.gov.uk/government/publications/code-of-practice-for-the-international-recruitment-of-health-and-social-care-personnel/code-of-practice-for-the-international-recruitment-of-health-and-social-care-personnel-in-england,UNVERIFIED,it is stated to users as fact on a public page,"the published code of practice document itself, at its current revision"
uk-code-of-practice.red-list-rule,uk-code-of-practice red-list-rule,Health and care professionals from red list countries should not be targeted for active recruitment by UK health and social care employers.,uk-code-of-practice,shared,https://www.gov.uk/government/publications/code-of-practice-for-the-international-recruitment-of-health-and-social-care-personnel/code-of-practice-for-the-international-recruitment-of-health-and-social-care-personnel-in-england,UNVERIFIED,it is stated to users as fact on a public page,"the published code of practice document itself, at its current revision"
uk-code-of-practice.amber-list-rule,uk-code-of-practice amber-list-rule,"For amber list countries, international recruitment is permitted only in compliance with the terms of the government-to-government agreement in place for that country. A red list country moves to amber when such an agreement is signed.",uk-code-of-practice,shared,https://www.gov.uk/government/publications/code-of-practice-for-the-international-recruitment-of-health-and-social-care-personnel/code-of-practice-for-the-international-recruitment-of-health-and-social-care-personnel-in-england,UNVERIFIED,it is stated to users as fact on a public page,"the published code of practice document itself, at its current revision"
uk-code-of-practice.amber-list-countries,uk-code-of-practice amber-list-countries,"Kenya, Nepal",uk-code-of-practice,shared,https://www.gov.uk/government/publications/code-of-practice-for-the-international-recruitment-of-health-and-social-care-personnel/code-of-practice-for-the-international-recruitment-of-health-and-social-care-personnel-in-england,UNVERIFIED,it is stated to users as fact on a public page,"the published code of practice document itself, at its current revision"
uk-code-of-practice.direct-application-exception,uk-code-of-practice direct-application-exception,An employer may consider a direct application from an individual resident in a red list country where that individual applies on their own behalf and does not use a third party.,uk-code-of-practice,shared,https://www.gov.uk/government/publications/code-of-practice-for-the-international-recruitment-of-health-and-social-care-personnel/code-of-practice-for-the-international-recruitment-of-health-and-social-care-personnel-in-england,UNVERIFIED,it is stated to users as fact on a public page,"the published code of practice document itself, at its current revision"
uk-code-of-practice.red-list-country-count,uk-code-of-practice red-list-country-count,54,uk-code-of-practice,shared,https://www.gov.uk/government/publications/code-of-practice-for-the-international-recruitment-of-health-and-social-care-personnel/code-of-practice-for-the-international-recruitment-of-health-and-social-care-personnel-in-england,UNVERIFIED,it is stated to users as fact on a public page,"the published code of practice document itself, at its current revision"
uk-hcpc.oet-minimum-score.profession=speech-pathology,uk-hcpc oet-minimum-score (profession=speech-pathology),1800,uk-hcpc,destination / uk / speech-pathology,https://www.hcpc-uk.org/registration/getting-on-the-register/international-applications/documents/certificate-of-english-language-proficiency/,UNVERIFIED,a candidate who prepares to the wrong threshold fails at the gate,"the regulator's own current registration/English-language requirements page for UK-HCPC, read on the day"
uk-hcpc.oet-score-differs-by-profession,uk-hcpc oet-score-differs-by-profession,Speech and language therapists must reach 1800 with no element below 400. Every other profession HCPC registers via OET needs 1400 with no element below 300.,uk-hcpc,destination / uk,https://www.hcpc-uk.org/registration/getting-on-the-register/international-applications/documents/certificate-of-english-language-proficiency/,UNVERIFIED,a candidate who prepares to the wrong threshold fails at the gate,"the regulator's own current registration/English-language requirements page for UK-HCPC, read on the day"
uk-hcpc.ielts-minimum.profession=speech-pathology,uk-hcpc ielts-minimum (profession=speech-pathology),8.0 overall with no element below 7.5,uk-hcpc,destination / uk / speech-pathology,https://www.hcpc-uk.org/registration/getting-on-the-register/international-applications/documents/certificate-of-english-language-proficiency/,UNVERIFIED,a candidate who prepares to the wrong threshold fails at the gate,"the regulator's own current registration/English-language requirements page for UK-HCPC, read on the day"
uk-hcpc.accepted-english-tests,uk-hcpc accepted-english-tests,"IELTS, TOEFL iBT, and OET",uk-hcpc,destination / uk,https://www.hcpc-uk.org/registration/getting-on-the-register/international-applications/documents/certificate-of-english-language-proficiency/,UNVERIFIED,it is stated to users as fact on a public page,"the regulator's own current registration/English-language requirements page for UK-HCPC, read on the day"
uk-hcpc.certificate-maximum-age,uk-hcpc certificate-maximum-age,2,uk-hcpc,destination / uk,https://www.hcpc-uk.org/registration/getting-on-the-register/international-applications/documents/certificate-of-english-language-proficiency/,UNVERIFIED,it is stated to users as fact on a public page,"the regulator's own current registration/English-language requirements page for UK-HCPC, read on the day"
uk-hcpc.test-venue-requirement,uk-hcpc test-venue-requirement,"The test must be taken at an official test centre, not at home.",uk-hcpc,destination / uk,https://www.hcpc-uk.org/registration/getting-on-the-register/international-applications/documents/certificate-of-english-language-proficiency/,UNVERIFIED,it is stated to users as fact on a public page,"the regulator's own current registration/English-language requirements page for UK-HCPC, read on the day"
uk-hcpc.oet-profession-version.profession=speech-pathology,uk-hcpc oet-profession-version (profession=speech-pathology),Speech and Language,uk-hcpc,destination / uk / speech-pathology,https://www.hcpc-uk.org/registration/getting-on-the-register/international-applications/documents/certificate-of-english-language-proficiency/,UNVERIFIED,it is stated to users as fact on a public page,"the regulator's own current registration/English-language requirements page for UK-HCPC, read on the day"
uk-nmc.oet-minimum-grade.profession=nursing,uk-nmc oet-minimum-grade (profession=nursing),"Reading, listening and speaking: grade B (350 or above). Writing: grade C+ (300 or above).",uk-nmc,destination / uk / nursing,https://www.nmc.org.uk/registration/joining-the-register/english-language-requirements/accepted-english-language-tests/oet/,UNVERIFIED,a candidate who prepares to the wrong threshold fails at the gate,"the regulator's own current registration/English-language requirements page for UK-NMC, read on the day"
uk-nmc.oet-combining-sittings.profession=nursing,uk-nmc oet-combining-sittings (profession=nursing),"Scores may be combined across two OET sittings provided one reading, one listening and one speaking score of at least grade B (350-440) and one writing score of at least grade C+ (300-340) are achieved between them.",uk-nmc,destination / uk / nursing,https://www.nmc.org.uk/registration/joining-the-register/english-language-requirements/accepted-english-language-tests/oet/,UNVERIFIED,it is stated to users as fact on a public page,"the regulator's own current registration/English-language requirements page for UK-NMC, read on the day"
uk-nmc.english-evidence-routes.profession=nursing,uk-nmc english-evidence-routes (profession=nursing),Three accepted routes: an approved English language test; a pre-registration qualification taught and examined in English; or one year of recent practice in a country where English is the majority-spoken language.,uk-nmc,destination / uk / nursing,https://www.nmc.org.uk/registration/joining-the-register/english-language-requirements/,UNVERIFIED,it is stated to users as fact on a public page,"the regulator's own current registration/English-language requirements page for UK-NMC, read on the day"
uk-nmc.qualified-in-english-evidence.profession=nursing,uk-nmc qualified-in-english-evidence (profession=nursing),"A transcript must show that at least half the applicant's time was spent interacting with patients, service users, their families and other healthcare professionals, and that at least 75% of those interactions were in English.",uk-nmc,destination / uk / nursing,https://www.nmc.org.uk/registration/joining-the-register/english-language-requirements/qualified-in-english/,UNVERIFIED,it is stated to users as fact on a public page,"the regulator's own current registration/English-language requirements page for UK-NMC, read on the day"
uk-nmc.oet-profession-version.profession=nursing,uk-nmc oet-profession-version (profession=nursing),"Applicants must sit the Nursing version of OET, chosen from OET's list of profession versions.",uk-nmc,destination / uk / nursing,https://www.nmc.org.uk/registration/joining-the-register/english-language-requirements/accepted-english-language-tests/oet/,UNVERIFIED,it is stated to users as fact on a public page,"the regulator's own current registration/English-language requirements page for UK-NMC, read on the day"
uk-nmc.oet-combining-sittings-floor.profession=nursing,uk-nmc oet-combining-sittings-floor (profession=nursing),"When two sittings are combined, EVERY score across both sittings must still reach a floor: grade C+ (300-340) for listening, reading and speaking, and grade C (250-290) for writing.",uk-nmc,destination / uk / nursing,https://www.nmc.org.uk/registration/joining-the-register/english-language-requirements/accepted-english-language-tests/oet/,UNVERIFIED,it is stated to users as fact on a public page,"the regulator's own current registration/English-language requirements page for UK-NMC, read on the day"
uk-nmc.accepted-oet-delivery-modes.profession=nursing,uk-nmc accepted-oet-delivery-modes (profession=nursing),"OET on Paper, OET on Computer and OET@Home are all accepted, and OET@Home may be combined with either of the other two.",uk-nmc,destination / uk / nursing,https://www.nmc.org.uk/registration/joining-the-register/english-language-requirements/accepted-english-language-tests/oet/,UNVERIFIED,it is stated to users as fact on a public page,"the regulator's own current registration/English-language requirements page for UK-NMC, read on the day"
uk-ukvi.majority-english-speaking-countries,uk-ukvi majority-english-speaking-countries,"Antigua and Barbuda, Australia, The Bahamas, Barbados, Belize, The British Overseas Territories, Canada, Dominica, Grenada, Guyana, Jamaica, Malta, New Zealand, St Kitts and Nevis, St Lucia, St Vincent and the Grenadines, Trinidad and Tobago, United States of America",uk-ukvi,destination / uk,https://www.gov.uk/guidance/immigration-rules/immigration-rules-appendix-english-language,UNVERIFIED,it is stated to users as fact on a public page,the government department's own current immigration guidance page
uk-ukvi.english-nationality-exemption.nationality=india,uk-ukvi english-nationality-exemption (nationality=india),"India is NOT one of the majority-English-speaking countries listed at EL 4.1, so Indian nationality alone does not meet the UK immigration English language requirement.",uk-ukvi,origin / uk,https://www.gov.uk/guidance/immigration-rules/immigration-rules-appendix-english-language,UNVERIFIED,it is stated to users as fact on a public page,the government department's own current immigration guidance page
